state,exp1,exp2,theory
1Pig,344.47,344.47,342.99
1Sigu-,367.04,367.04,373.33
1Delu,379.99,379.99,389.97999999999996
3Sigu+,286.75,286.75,279.71999999999997
3Pig,297.47999999999996,297.47999999999996,297.85
3Delu,328.56,328.56,330.40999999999997
