state  ,avdz              ,avtz
gs     ,-109.4869509(85)  ,-109.535352(13) 
1Pig   ,-109.145095(39)   ,-109.195608(166) 
1Sigu- ,-109.120941(61)   ,-109.173683(276) 
1Delu  ,-109.107147(35)   ,-109.159330(295) 
3Sigu+ ,-109.201530(12)   ,-109.250179(45) 
3Pig   ,-109.192064(10)   ,-109.239100(26) 
3Delu  ,-109.156060(8)    ,-109.207600(27) 
