state,exp1,exp2,theory
1E,292.3,293.40999999999997,296.74
3A2,222.73999999999998,,
