state,exp1,exp2,theory
1E,290.31964518803005,291.422124853301,294.729563849114
3A2,221.23091949771398,,
