state,avdz,avtz,avqz
1E,296.934523179656,299.87446895371204,302.07942828425405
3A2,227.478304267583,231.888222928667,233.35819581569498
